#shape	W	A	d	bf	tw	tf	kdes	fsr	wsr	Ix	Zx	Sx	rx	Iy	Zy	Sy	ry	J	Cw	Wno	Sw1	Qf	Qw	rts	ho	PA	PB	PC	PD
	plf	in2	in	in	in	in	in			in4	in3	in3	in	in4	in3	in3	in	in4	in6	in2	in4	in3	in3	in	in	in	in	in	in
W44X408	408	120	44.8	16.1	1.22	2.17	2.96	3.71	31.9	38700	2000	1730	18.0	1520	297	189	3.56	134	691000	172	1500	344	994	4.33	42.6	134	150	106	122
W44X368	368	108	44.4	16.0	1.10	1.97	2.76	4.06	35.4	34700	1800	1560	17.9	1350	265	169	3.54	100	608000	170	1340	311	894	4.28	42.4	133	149	105	121
W44X335	335	98.5	44.0	15.9	1.030	1.77	2.56	4.50	38.0	31100	1620	1410	17.8	1200	236	150	3.49	74.7	535000	168	1180	278	805	4.24	42.2	132	148	104	120
W44X290	290	85.4	43.6	15.8	0.865	1.58	2.36	5.02	45.0	27000	1410	1240	17.8	1040	205	132	3.49	50.9	461000	166	1040	248	701	4.20	42.0	131	147	103	119
W44X262	262	77.2	43.3	15.8	0.785	1.42	2.20	5.57	49.6	24100	1270	1110	17.7	923	182	117	3.47	37.3	405000	165	928	223	630	4.17	41.9	131	147	102	118
W44X230	230	67.8	42.9	15.8	0.710	1.22	2.01	6.45	54.8	20800	1100	971	17.5	796	157	101	3.43	24.9	346000	165	793	192	547	4.13	41.7	130	146	102	118
W40X655	655	193	43.6	16.9	1.97	3.54	4.72	2.39	17.3	56500	3080	2590	17.1	2870	542	340	3.86	589	1150000	169	2530	529	1530	4.71	40.1	132	149	104	121
W40X593	593	174	43.0	16.7	1.79	3.23	4.41	2.58	19.1	50400	2760	2340	17.0	2520	481	302	3.80	445	997000	166	2240	479	1370	4.63	39.8	130	147	103	120
W40X503	503	148	42.1	16.4	1.54	2.76	3.94	2.98	22.3	41600	2320	1980	16.8	2040	394	249	3.72	277	789000	161	1830	403	1150	4.50	39.3	129	145	101	117
W40X431	431	127	41.3	16.2	1.34	2.36	3.54	3.44	25.5	34800	1960	1690	16.6	1690	328	208	3.65	177	638000	158	1510	341	969	4.41	38.9	127	143	98.8	115
W40X397	397	117	41.0	16.1	1.22	2.20	3.38	3.66	28.0	32000	1800	1560	16.6	1540	300	191	3.64	142	579000	156	1380	318	891	4.38	38.8	126	142	98.1	114
W40X372	372	110	40.6	16.1	1.16	2.05	3.23	3.93	29.5	29600	1680	1460	16.5	1420	277	177	3.60	116	528000	155	1280	295	829	4.33	38.6	125	141	97.3	113
W40X362	362	106	40.6	16.0	1.12	2.01	3.19	3.99	30.5	28900	1640	1420	16.5	1380	270	173	3.60	109	513000	154	1240	289	808	4.33	38.6	125	141	97.2	113
W40X324	324	95.3	40.2	15.9	1.00	1.81	2.99	4.40	34.2	25600	1460	1280	16.4	1220	239	153	3.58	79.4	448000	153	1100	259	720	4.27	38.4	124	140	96.3	112
W40X297	297	87.3	39.8	15.8	0.930	1.65	2.83	4.80	36.8	23200	1330	1170	16.3	1090	215	138	3.54	61.2	399000	151	982	234	652	4.22	38.2	123	139	95.4	111
W40X277	277	81.5	39.7	15.8	0.830	1.58	2.76	5.03	41.2	21900	1250	1100	16.4	1040	204	132	3.58	51.5	379000	151	940	225	614	4.25	38.1	123	139	95.2	111
W40X249	249	73.5	39.4	15.8	0.750	1.42	2.60	5.55	45.6	19600	1120	993	16.3	926	182	118	3.55	38.1	334000	150	841	203	551	4.21	38.0	122	138	94.6	110
W40X215	215	63.5	39.0	15.8	0.650	1.22	2.40	6.45	52.6	16700	964	859	16.2	803	156	101	3.54	24.8	284000	149	719	175	473	4.19	37.8	122	138	93.8	110
W40X199	199	58.8	38.7	15.8	0.650	1.07	2.25	7.39	52.6	14900	869	770	16.0	695	137	88.2	3.45	18.3	246000	149	628	153	427	4.12	37.6	121	137	93.2	109
W40X392	392	116	41.6	12.4	1.42	2.52	3.70	2.45	24.1	29900	1710	1440	16.1	803	212	130	2.64	172	306000	121	946	270	848	3.30	39.1	116	128	95.6	108
W40X331	331	97.7	40.8	12.2	1.22	2.13	3.31	2.86	28.0	24700	1430	1210	15.9	644	172	106	2.57	105	241000	118	766	226	706	3.21	38.7	114	126	93.8	106
W40X327	327	95.9	40.8	12.1	1.18	2.13	3.31	2.85	29.0	24500	1410	1200	16.0	640	170	105	2.58	103	239000	117	754	225	695	3.21	38.7	114	126	93.7	106
W40X294	294	86.2	40.4	12.0	1.06	1.93	3.11	3.11	32.2	21900	1270	1080	15.9	562	150	93.5	2.55	76.6	208000	115	668	203	622	3.16	38.5	113	125	92.8	105
W40X278	278	82.3	40.2	12.0	1.03	1.81	2.99	3.31	33.3	20500	1190	1020	15.8	521	140	87.1	2.52	65.0	192000	115	622	190	587	3.13	38.4	112	124	92.4	104
W40X264	264	77.4	40.0	11.9	0.960	1.73	2.91	3.45	35.6	19400	1130	971	15.8	493	132	82.6	2.52	56.1	181000	114	589	182	555	3.12	38.3	112	124	91.9	104
W40X235	235	69.1	39.7	11.9	0.830	1.58	2.76	3.77	41.2	17400	1010	875	15.9	444	118	74.6	2.54	41.3	161000	113	530	166	495	3.11	38.1	111	123	91.3	103
W40X211	211	62.1	39.4	11.8	0.750	1.42	2.60	4.17	45.6	15500	906	786	15.8	390	105	66.1	2.51	30.4	141000	112	468	148	442	3.07	38.0	110	122	90.6	102
W40X183	183	53.3	39.0	11.8	0.650	1.20	2.38	4.92	52.6	13200	774	675	15.7	331	88.3	56.0	2.49	19.3	118000	112	395	126	376	3.04	37.8	110	122	89.8	102
W40X167	167	49.3	38.6	11.8	0.650	1.03	2.21	5.76	52.6	11600	693	600	15.3	283	76.0	47.9	2.40	14.0	99700	111	336	107	336	2.98	37.6	109	121	89.0	101
W40X149	149	43.8	38.2	11.8	0.630	0.830	2.01	7.11	54.3	9800	598	513	15.0	229	62.2	38.8	2.29	9.36	80000	110	270	86.7	288	2.89	37.4	108	120	88.2	100
W36X925	925	272	43.1	18.6	3.02	4.53	5.28	2.05	10.8	73000	4130	3390	16.4	4940	862	531	4.26	1430	1840000	179	3780	681	2060	5.30	38.6	134	153	105	124
W36X853	853	251	43.1	18.2	2.52	4.53	5.28	2.01	12.9	70000	3920	3250	16.7	4600	805	505	4.28	1240	1710000	175	3620	685	1950	5.22	38.6	135	153	104	122
W36X802	802	236	42.6	18.0	2.38	4.29	5.04	2.10	13.7	64800	3660	3040	16.6	4210	744	468	4.22	1050	1540000	172	3330	642	1820	5.15	38.3	133	151	103	121
W36X723	723	213	41.8	17.8	2.17	3.90	4.65	2.28	15.0	57300	3270	2740	16.4	3700	658	416	4.17	785	1330000	169	2930	578	1630	5.06	37.9	131	149	101	119
W36X652	652	192	41.1	17.6	1.97	3.54	4.49	2.48	16.3	50600	2910	2460	16.2	3230	581	367	4.10	593	1130000	165	2560	518	1450	4.96	37.6	129	147	99.8	117
W36X529	529	156	39.8	17.2	1.61	2.91	3.86	2.96	19.9	39600	2330	1990	16.0	2490	454	289	4.00	327	846000	159	1990	419	1160	4.80	36.9	127	144	96.8	114
W36X487	487	143	39.3	17.1	1.50	2.68	3.63	3.19	21.4	36000	2130	1830	15.8	2250	412	263	3.96	258	754000	157	1800	383	1060	4.74	36.6	125	142	95.7	113
W36X441	441	130	38.9	17.0	1.36	2.44	3.39	3.48	23.6	32100	1910	1650	15.7	1990	368	235	3.92	194	661000	154	1600	347	950	4.69	36.5	124	141	94.8	112
W36X395	395	116	38.4	16.8	1.22	2.20	3.15	3.83	26.3	28500	1710	1490	15.7	1750	325	208	3.88	142	575000	152	1410	311	847	4.61	36.2	123	140	93.6	110
W36X361	361	106	38.0	16.7	1.12	2.01	2.96	4.16	28.6	25700	1550	1350	15.6	1570	293	188	3.85	109	509000	150	1270	282	767	4.58	36.0	122	139	92.7	109
W36X330	330	96.9	37.7	16.6	1.02	1.85	2.80	4.49	31.4	23300	1410	1240	15.5	1420	265	171	3.83	84.3	456000	149	1150	259	698	4.53	35.9	121	138	92.0	109
W36X302	302	89.0	37.3	16.7	0.945	1.68	2.63	4.96	33.9	21100	1280	1130	15.4	1300	241	156	3.82	64.3	412000	148	1040	235	635	4.53	35.6	121	138	91.3	108
W36X282	282	82.9	37.1	16.6	0.885	1.57	2.52	5.29	36.2	19600	1190	1050	15.4	1200	223	144	3.80	52.7	378000	147	960	219	591	4.50	35.5	120	137	90.8	107
W36X262	262	77.2	36.9	16.6	0.840	1.44	2.39	5.75	38.2	17900	1100	972	15.3	1090	204	132	3.76	41.6	342000	147	873	200	543	4.46	35.5	120	137	90.4	107
W36X247	247	72.5	36.7	16.5	0.800	1.35	2.30	6.11	40.1	16700	1030	913	15.2	1010	190	123	3.74	34.7	316000	146	812	187	509	4.42	35.4	120	136	89.9	106
W36X231	231	68.2	36.5	16.5	0.760	1.26	2.21	6.54	42.2	15600	963	854	15.1	940	176	114	3.71	28.7	292000	145	756	175	476	4.40	35.2	120	136	89.5	106
W36X387	387	114	39.1	12.7	1.42	2.56	3.31	2.48	22.9	26500	1610	1360	15.2	882	224	139	2.78	172	294000	116	943	264	799	3.44	36.5	112	125	90.9	104
W36X350	350	103	38.6	12.6	1.30	2.32	3.07	2.72	25.0	23600	1440	1220	15.1	780	199	124	2.75	129	257000	114	835	238	718	3.41	36.3	111	124	89.8	102
W36X318	318	93.4	38.2	12.4	1.18	2.13	2.88	2.91	27.5	21200	1300	1110	15.1	682	176	110	2.70	98.3	222000	112	738	216	646	3.33	36.1	110	122	88.8	101
W36X286	286	83.9	37.8	12.3	1.06	1.93	2.68	3.19	30.6	18900	1160	1000	15.0	602	156	97.9	2.68	72.8	194000	110	655	195	578	3.29	35.9	109	121	87.9	100
W36X256	256	75.3	37.4	12.2	0.960	1.73	2.48	3.53	33.8	16800	1040	895	14.9	528	137	86.5	2.65	52.9	168000	109	576	174	516	3.24	35.7	108	120	87.0	99.2
W36X232	232	68.0	37.1	12.1	0.870	1.57	2.32	3.86	37.3	15000	936	809	14.8	468	122	77.2	2.62	39.6	148000	108	512	157	464	3.21	35.5	108	120	86.3	98.4
W36X210	210	61.9	36.7	12.2	0.830	1.36	2.11	4.48	39.1	13200	833	719	14.6	411	107	67.5	2.58	28.0	128000	108	446	136	412	3.18	35.3	107	119	85.6	97.8
W36X194	194	57.0	36.5	12.1	0.765	1.26	2.01	4.81	42.4	12100	767	664	14.6	375	97.7	61.9	2.56	22.2	116000	107	407	126	379	3.15	35.2	107	119	85.1	97.2
W36X182	182	53.6	36.3	12.1	0.725	1.18	1.93	5.12	44.8	11300	718	623	14.5	347	90.7	57.6	2.55	18.5	107000	106	378	118	355	3.13	35.1	106	118	84.7	96.8
W36X170	170	50.0	36.2	12.0	0.680	1.10	1.85	5.47	47.7	10500	668	581	14.5	320	83.8	53.2	2.53	15.1	98500	105	349	109	330	3.11	35.1	106	118	84.4	96.4
W36X160	160	47.0	36.0	12.0	0.650	1.02	1.77	5.88	49.9	9760	624	542	14.4	295	77.3	49.1	2.50	12.4	90200	105	321	101	308	3.09	35.0	105	117	84.0	96.0
W36X150	150	44.3	35.9	12.0	0.625	0.940	1.69	6.37	51.9	9040	581	504	14.3	270	70.9	45.1	2.47	10.1	82200	105	294	93.1	287	3.06	35.0	105	117	83.8	95.8
W36X135	135	39.9	35.6	12.0	0.600	0.790	1.54	7.56	54.1	7800	509	439	14.0	225	59.7	37.7	2.38	7.00	68100	104	245	77.9	251	2.99	34.8	105	117	83.2	95.2
W33X387	387	114	36.0	16.2	1.26	2.28	3.07	3.55	23.7	24300	1560	1350	14.6	1620	312	200	3.77	148	459000	137	1260	287	778	4.49	33.7	117	133	88.2	104
W33X354	354	104	35.6	16.1	1.16	2.09	2.88	3.85	25.7	22000	1420	1240	14.5	1460	282	181	3.74	115	408000	135	1130	262	707	4.44	33.5	116	132	87.3	103
W33X318	318	93.7	35.2	16.0	1.04	1.89	2.68	4.23	28.7	19500	1270	1110	14.5	1290	250	161	3.71	84.4	357000	133	1010	235	632	4.40	33.3	115	131	86.4	102
W33X291	291	85.6	34.8	15.9	0.960	1.73	2.52	4.60	31.0	17700	1160	1020	14.4	1160	226	146	3.68	65.1	319000	131	904	214	573	4.34	33.1	114	130	85.5	101
W33X263	263	77.4	34.5	15.8	0.870	1.57	2.36	5.03	34.3	15900	1040	919	14.3	1040	202	131	3.66	48.7	281000	130	807	193	515	4.31	32.9	113	129	84.8	101
W33X241	241	71.1	34.2	15.9	0.830	1.40	2.19	5.66	35.9	14200	940	831	14.1	933	182	118	3.62	36.2	251000	130	726	173	467	4.29	32.8	113	129	84.3	100
W33X221	221	65.3	33.9	15.8	0.775	1.28	2.06	6.20	38.5	12900	857	759	14.1	840	164	106	3.59	27.8	224000	129	647	156	423	4.25	32.6	112	128	83.6	99.4
W33X201	201	59.1	33.7	15.7	0.715	1.15	1.94	6.85	41.7	11600	773	686	14.0	749	147	95.2	3.56	20.8	198000	128	577	140	382	4.21	32.6	111	127	83.1	98.8
W33X169	169	49.5	33.8	11.5	0.670	1.22	1.92	4.71	44.7	9290	629	549	13.7	310	84.4	53.9	2.50	17.7	82400	93.7	329	108	311	3.03	32.6	99.5	111	79.1	90.6
W33X152	152	44.9	33.5	11.6	0.635	1.06	1.76	5.48	47.2	8160	559	487	13.5	273	73.9	47.2	2.47	12.4	71700	94.1	289	94.3	278	3.01	32.4	99.4	111	78.6	90.2
W33X141	141	41.5	33.3	11.5	0.605	0.960	1.66	6.01	49.6	7450	514	448	13.4	246	66.9	42.7	2.43	9.70	64400	93.0	257	84.6	253	2.98	32.3	98.5	110	78.1	89.6
W33X130	130	38.3	33.1	11.5	0.580	0.855	1.56	6.73	51.7	6710	467	406	13.2	218	59.5	37.9	2.39	7.37	56600	92.7	228	75.3	230	2.94	32.2	98.5	110	77.7	89.2
W33X118	118	34.7	32.9	11.5	0.550	0.740	1.44	7.76	54.5	5900	415	359	13.0	187	51.3	32.6	2.32	5.30	48300	92.5	197	65.1	205	2.89	32.2	97.5	109	77.3	88.8
W30X391	391	115	33.2	15.6	1.36	2.44	3.23	3.19	19.7	20700	1450	1250	13.4	1550	310	198	3.67	173	366000	120	1140	267	722	4.37	30.8	109	125	82.0	97.6
W30X357	357	105	32.8	15.5	1.24	2.24	3.03	3.45	21.6	18700	1320	1140	13.3	1390	279	179	3.64	134	324000	118	1030	244	655	4.31	30.6	108	124	81.1	96.6
W30X326	326	95.9	32.4	15.4	1.14	2.05	2.84	3.75	23.4	16800	1190	1040	13.2	1240	252	162	3.60	103	287000	117	922	222	593	4.26	30.4	108	123	80.2	95.6
W30X292	292	86.0	32.0	15.3	1.02	1.85	2.64	4.12	26.2	14900	1060	930	13.2	1100	223	144	3.58	75.2	250000	115	816	199	529	4.22	30.2	107	122	79.3	94.6
W30X261	261	77.0	31.6	15.2	0.930	1.65	2.44	4.59	28.7	13100	943	829	13.1	959	196	127	3.53	54.1	215000	114	714	176	469	4.16	30.0	106	121	78.4	93.6
W30X235	235	69.3	31.3	15.1	0.830	1.50	2.29	5.02	32.2	11700	847	748	13.0	855	175	114	3.51	40.3	190000	112	637	159	421	4.13	29.8	105	120	77.7	92.8
W30X211	211	62.3	30.9	15.1	0.775	1.32	2.10	5.74	34.5	10300	751	665	12.9	757	155	100	3.49	28.4	166000	112	556	140	372	4.11	29.6	104	119	76.9	92.0
W30X191	191	56.1	30.7	15.0	0.710	1.19	1.97	6.35	37.7	9200	675	600	12.8	673	138	89.5	3.46	21.0	146000	111	494	125	335	4.06	29.5	104	119	76.4	91.4
W30X173	173	50.9	30.4	15.0	0.655	1.07	1.85	7.04	40.8	8230	607	541	12.7	598	123	79.8	3.42	15.6	129000	110	441	113	301	4.03	29.3	103	118	75.8	90.8
W30X148	148	43.6	30.7	10.5	0.650	1.18	1.83	4.44	41.6	6680	500	436	12.4	227	68.0	43.3	2.28	14.5	49400	77.5	240	85.8	248	2.77	29.5	90.5	101	71.9	82.4
W30X132	132	38.8	30.3	10.5	0.615	1.00	1.65	5.27	43.9	5770	437	380	12.2	196	58.4	37.2	2.25	9.72	42100	76.9	202	72.4	215	2.75	29.3	89.5	100	71.1	81.6
W30X124	124	36.5	30.2	10.5	0.585	0.930	1.58	5.65	46.2	5360	408	355	12.1	181	54.0	34.4	2.23	7.99	38600	76.8	188	67.5	202	2.73	29.3	89.5	100	70.9	81.4
W30X116	116	34.2	30.0	10.5	0.565	0.850	1.50	6.17	47.8	4930	378	329	12.0	164	49.2	31.3	2.19	6.43	34900	76.5	171	61.5	187	2.70	29.2	89.3	100	70.5	81.0
W30X108	108	31.7	29.8	10.5	0.545	0.760	1.41	6.89	49.6	4470	346	299	11.9	146	43.9	27.9	2.15	4.99	30900	76.2	152	54.9	170	2.67	29.0	88.9	99.4	70.1	80.6
W30X99	99.0	29.0	29.7	10.5	0.520	0.670	1.32	7.80	51.9	3990	312	269	11.7	128	38.6	24.5	2.10	3.77	26800	76.2	134	48.5	154	2.62	29.0	88.7	99.2	69.9	80.4
W30X90	90.0	26.3	29.5	10.4	0.470	0.610	1.26	8.52	57.5	3610	283	245	11.7	115	34.7	22.1	2.09	2.84	24000	75.1	119	43.7	139	2.60	28.9	88.1	98.5	69.4	79.8
W27X539	539	159	32.5	15.3	1.97	3.54	4.33	2.15	12.1	25600	1890	1570	12.7	2110	437	277	3.65	496	443000	111	1500	342	943	4.41	29.0	106	121	80.3	95.6
W27X368	368	109	30.4	14.7	1.38	2.48	3.27	2.96	17.3	16200	1240	1060	12.2	1310	279	179	3.48	170	255000	103	935	231	621	4.15	27.9	100	115	75.5	90.2
W27X336	336	99.2	30.0	14.6	1.26	2.28	3.07	3.19	18.9	14600	1130	972	12.1	1180	252	162	3.45	131	226000	101	842	211	563	4.10	27.7	100	115	74.6	89.2
W27X307	307	90.2	29.6	14.4	1.16	2.09	2.88	3.46	20.6	13100	1030	887	12.0	1050	227	146	3.41	101	199000	99.0	745	190	508	4.04	27.5	98.6	113	73.6	88.0
W27X281	281	83.1	29.3	14.4	1.06	1.93	2.72	3.72	22.5	11900	936	814	12.0	953	206	133	3.39	79.5	178000	98.5	685	176	466	4.00	27.4	98.6	113	73.0	87.4
W27X258	258	76.1	29.0	14.3	0.980	1.77	2.56	4.03	24.4	10800	852	745	11.9	859	187	120	3.36	61.6	159000	97.3	616	160	424	3.96	27.2	97.7	112	72.3	86.6
W27X235	235	69.4	28.7	14.2	0.910	1.61	2.40	4.41	26.2	9700	772	677	11.8	769	168	108	3.33	47.0	141000	96.2	550	145	384	3.92	27.1	96.8	111	71.6	85.8
W27X217	217	63.9	28.4	14.1	0.830	1.50	2.29	4.71	28.7	8910	711	627	11.8	704	154	100	3.32	37.6	128000	94.8	501	134	351	3.89	26.9	95.9	110	70.9	85.0
W27X194	194	57.1	28.1	14.0	0.750	1.34	2.13	5.24	31.8	7860	631	559	11.7	619	136	88.1	3.29	27.1	111000	93.7	439	119	312	3.85	26.8	95.0	109	70.2	84.2
W27X178	178	52.5	27.8	14.1	0.725	1.19	1.98	5.92	32.9	7020	570	505	11.6	555	122	78.8	3.25	20.1	98400	93.8	393	106	282	3.83	26.6	94.9	109	69.7	83.8
W27X161	161	47.6	27.6	14.0	0.660	1.08	1.87	6.49	36.1	6310	515	458	11.5	497	109	70.9	3.23	15.1	87300	92.8	351	95.5	254	3.79	26.5	95.0	109	69.2	83.2
W27X146	146	43.2	27.4	14.0	0.605	0.975	1.76	7.16	39.4	5660	464	414	11.5	443	97.7	63.5	3.20	11.3	77200	92.5	316	86.3	229	3.76	26.4	94.0	108	68.8	82.8
W27X129	129	37.8	27.6	10.0	0.610	1.10	1.70	4.55	39.7	4760	395	345	11.2	184	57.6	36.8	2.21	11.1	32500	66.3	182	68.4	195	2.66	26.5	83.0	93.0	65.2	75.2
W27X114	114	33.6	27.3	10.1	0.570	0.930	1.53	5.41	42.5	4080	343	299	11.0	159	49.3	31.5	2.18	7.33	27600	66.6	156	58.4	170	2.65	26.4	82.7	92.8	64.7	74.8
W27X102	102	30.0	27.1	10.0	0.515	0.830	1.43	6.03	47.1	3620	305	267	11.0	139	43.4	27.8	2.15	5.28	24000	65.7	136	51.7	151	2.62	26.3	82.1	92.1	64.2	74.2
W27X94	94.0	27.6	26.9	10.0	0.490	0.745	1.34	6.70	49.5	3270	278	243	10.9	124	38.8	24.8	2.12	4.03	21300	65.4	122	46.3	137	2.59	26.2	81.8	91.8	63.8	73.8
W27X84	84.0	24.7	26.7	10.0	0.460	0.640	1.24	7.78	52.7	2850	244	213	10.7	106	33.2	21.2	2.07	2.81	17900	65.2	104	39.8	121	2.54	26.1	81.5	91.5	63.4	73.4
W24X370	370	109	28.0	13.7	1.52	2.72	3.22	2.51	14.2	13400	1130	957	11.1	1160	267	170	3.27	201	186000	86.6	807	209	568	3.92	25.3	93.3	107	69.7	83.4
W24X335	335	98.3	27.5	13.5	1.38	2.48	2.98	2.73	15.6	11900	1020	864	11.0	1030	238	152	3.23	152	161000	84.4	707	188	506	3.86	25.0	91.5	105	68.5	82.0
W24X306	306	89.7	27.1	13.4	1.26	2.28	2.78	2.94	17.1	10700	922	789	10.9	919	214	137	3.20	117	142000	83.1	635	172	459	3.81	24.8	90.6	104	67.6	81.0
W24X279	279	81.9	26.7	13.3	1.16	2.09	2.59	3.18	18.6	9600	835	718	10.8	823	193	124	3.17	90.5	125000	81.8	569	156	416	3.76	24.6	89.7	103	66.7	80.0
W24X250	250	73.5	26.3	13.2	1.04	1.89	2.39	3.49	20.7	8490	744	644	10.7	724	171	110	3.14	66.6	108000	80.6	502	140	370	3.71	24.4	88.8	102	65.8	79.0
W24X229	229	67.2	26.0	13.1	0.960	1.73	2.23	3.79	22.5	7650	675	588	10.7	651	154	99.4	3.11	51.3	96100	79.5	450	127	336	3.67	24.3	88.9	102	65.1	78.2
W24X207	207	60.7	25.7	13.0	0.870	1.57	2.07	4.14	24.8	6820	606	531	10.6	578	137	88.8	3.08	38.3	84100	78.4	400	115	302	3.62	24.1	88.0	101	64.4	77.4
W24X192	192	56.5	25.5	13.0	0.810	1.46	1.96	4.43	26.6	6260	559	491	10.5	530	126	81.8	3.07	30.8	76300	78.1	371	107	280	3.60	24.0	88.0	101	64.0	77.0
W24X176	176	51.7	25.2	12.9	0.750	1.34	1.84	4.81	28.7	5680	511	450	10.5	479	115	74.3	3.04	23.9	68400	76.9	333	97.1	254	3.57	23.9	86.7	100	63.3	76.2
W24X162	162	47.8	25.0	13.0	0.705	1.22	1.72	5.31	30.6	5170	468	414	10.4	443	105	68.4	3.05	18.5	62600	77.3	306	89.2	233	3.57	23.8	86.7	100	63.0	76.0
W24X146	146	43.0	24.7	12.9	0.650	1.09	1.59	5.92	33.2	4580	418	371	10.3	391	93.2	60.5	3.01	13.4	54600	76.1	268	78.8	207	3.53	23.6	85.9	98.8	62.3	75.2
W24X131	131	38.6	24.5	12.9	0.605	0.960	1.46	6.70	35.6	4020	370	329	10.2	340	81.5	53.0	2.97	9.50	47100	75.9	235	69.5	184	3.49	23.5	85.6	98.5	61.9	74.8
W24X117	117	34.4	24.3	12.8	0.550	0.850	1.35	7.53	39.2	3540	327	291	10.1	297	71.4	46.5	2.94	6.72	40800	75.0	204	61.0	163	3.46	23.5	85.0	97.8	61.4	74.2
W24X104	104	30.7	24.1	12.8	0.500	0.750	1.25	8.50	43.1	3100	289	258	10.1	259	62.4	40.7	2.91	4.72	35200	74.7	179	53.9	144	3.42	23.4	84.7	97.5	61.0	73.8
W24X103	103	30.3	24.5	9.00	0.550	0.980	1.48	4.59	39.2	3000	280	245	10.0	119	41.5	26.5	1.99	7.07	16600	52.9	117	48.7	139	2.40	23.5	74.0	83.0	58.0	67.0
W24X94	94.0	27.7	24.3	9.07	0.515	0.875	1.38	5.18	41.9	2700	254	222	9.87	109	37.5	24.0	1.98	5.26	15000	53.1	105	43.8	126	2.40	23.4	73.9	83.0	57.7	66.7
W24X84	84.0	24.7	24.1	9.02	0.470	0.770	1.27	5.86	45.9	2370	224	196	9.79	94.4	32.6	20.9	1.95	3.70	12800	52.6	91.3	38.4	111	2.37	23.3	73.5	82.5	57.2	66.2
W24X76	76.0	22.4	23.9	8.99	0.440	0.680	1.18	6.61	49.0	2100	200	176	9.69	82.5	28.6	18.4	1.92	2.68	11100	52.2	79.8	33.8	98.9	2.33	23.2	73.0	82.0	56.8	65.8
W24X68	68.0	20.1	23.7	8.97	0.415	0.585	1.09	7.66	52.0	1830	177	154	9.55	70.4	24.5	15.7	1.87	1.87	9430	51.8	68.0	28.9	87.0	2.30	23.1	72.6	81.6	56.4	65.3
W24X62	62.0	18.2	23.7	7.04	0.430	0.590	1.09	5.97	50.1	1550	153	131	9.23	34.5	15.7	9.80	1.38	1.71	4620	40.7	42.2	22.5	75.3	1.75	23.1	66.8	73.8	54.4	61.5
W24X55	55.0	16.2	23.6	7.01	0.395	0.505	1.01	6.94	54.6	1350	134	114	9.11	29.1	13.3	8.30	1.34	1.18	3870	40.5	35.8	19.3	66.1	1.72	23.1	66.6	73.6	54.2	61.2
W21X275	275	81.8	24.1	12.9	1.22	2.19	3.37	2.95	14.2	7690	749	638	9.70	787	191	122	3.10	107	94400	70.7	499	140	369	3.68	21.9	82.4	95.3	61.1	74.0
W21X248	248	73.8	23.7	12.8	1.10	1.99	3.17	3.22	15.8	6830	671	576	9.62	699	170	109	3.08	80.7	82400	69.5	442	126	330	3.63	21.7	81.6	94.4	60.2	73.0
W21X223	223	66.5	23.4	12.7	1.00	1.79	2.97	3.55	17.5	6080	601	520	9.56	614	150	96.7	3.04	59.5	71700	68.6	390	113	295	3.57	21.6	80.9	93.6	59.5	72.2
W21X201	201	59.3	23.0	12.6	0.910	1.63	2.13	3.86	20.6	5310	530	461	9.47	542	133	86.1	3.02	40.9	62000	67.3	346	102	264	3.55	21.4	81.1	93.7	58.6	71.2
W21X182	182	53.6	22.7	12.5	0.830	1.48	1.98	4.22	22.6	4730	476	417	9.40	483	119	77.2	3.00	30.7	54400	66.3	307	91.6	237	3.51	21.2	80.4	92.9	57.9	70.4
W21X166	166	48.8	22.5	12.4	0.750	1.36	1.86	4.57	25.0	4280	432	380	9.36	435	108	70.0	2.99	23.6	48500	65.5	276	83.7	215	3.48	21.1	79.8	92.2	57.4	69.8
W21X147	147	43.2	22.1	12.5	0.720	1.15	1.65	5.44	26.1	3630	373	329	9.17	376	92.6	60.1	2.95	15.4	41100	65.5	235	71.0	186	3.46	21.0	79.4	91.9	56.7	69.2
W21X132	132	38.8	21.8	12.4	0.650	1.04	1.54	6.01	28.9	3220	333	295	9.12	333	82.3	53.5	2.93	11.3	36000	64.4	206	62.8	164	3.43	20.8	78.6	91.0	56.0	68.4
W21X122	122	35.9	21.7	12.4	0.600	0.960	1.46	6.45	31.3	2960	307	273	9.09	305	75.6	49.2	2.92	8.98	32700	64.3	191	58.7	153	3.40	20.7	78.5	90.9	55.8	68.2
W21X111	111	32.6	21.5	12.3	0.550	0.875	1.38	7.05	34.1	2670	279	249	9.05	274	68.2	44.5	2.90	6.83	29200	63.4	171	53.0	138	3.37	20.6	77.9	90.2	55.3	67.6
W21X101	101	29.8	21.4	12.3	0.500	0.800	1.30	7.68	37.5	2420	253	227	9.02	248	61.7	40.3	2.89	5.21	26200	63.3	156	48.6	126	3.35	20.6	77.8	90.1	55.1	67.4
W21X93	93.0	27.3	21.6	8.42	0.580	0.930	1.43	4.53	32.3	2070	221	192	8.70	92.9	34.7	22.1	1.84	6.03	9940	43.5	85.2	37.7	109	2.24	20.7	66.5	74.9	51.6	60.0
W21X83	83.0	24.4	21.4	8.36	0.515	0.835	1.34	5.00	36.4	1830	196	171	8.67	81.4	30.5	19.5	1.83	4.34	8630	43.0	75.0	33.7	96.8	2.21	20.6	66.0	74.4	51.2	59.5
W21X73	73.0	21.5	21.2	8.30	0.455	0.740	1.24	5.60	41.2	1600	172	151	8.64	70.6	26.6	17.0	1.81	3.02	7410	42.5	65.2	29.7	85.0	2.19	20.5	65.5	73.8	50.7	59.0
W21X68	68.0	20.0	21.1	8.27	0.430	0.685	1.19	6.04	43.6	1480	160	140	8.60	64.7	24.4	15.7	1.80	2.45	6760	42.2	59.8	27.4	78.7	2.17	20.4	65.3	73.6	50.5	58.7
W21X62	62.0	18.3	21.0	8.24	0.400	0.615	1.12	6.70	46.9	1330	144	127	8.54	57.5	21.7	14.0	1.77	1.83	5960	42.0	53.2	24.6	71.2	2.15	20.4	65.1	73.3	50.2	58.5
W21X55	55.0	16.2	20.8	8.22	0.375	0.522	1.02	7.87	50.0	1140	126	110	8.40	48.4	18.4	11.8	1.73	1.24	4980	41.7	44.7	20.8	61.8	2.11	20.3	64.7	72.9	49.8	58.0
W21X48	48.0	14.1	20.6	8.14	0.350	0.430	0.930	9.47	53.6	959	107	93.0	8.24	38.7	14.9	9.52	1.66	0.803	3950	41.0	35.9	16.9	52.3	2.05	20.2	64.1	72.2	49.3	57.5
W21X57	57.0	16.7	21.1	6.56	0.405	0.650	1.15	5.04	46.3	1170	129	111	8.36	30.6	14.8	9.35	1.35	1.77	3190	33.5	35.8	20.5	63.4	1.68	20.5	60.2	66.8	48.8	55.3
W21X50	50.0	14.7	20.8	6.53	0.380	0.535	1.04	6.10	49.4	984	110	94.5	8.18	24.9	12.2	7.64	1.30	1.14	2570	33.1	28.9	16.7	53.9	1.64	20.3	59.6	66.1	48.1	54.7
W21X44	44.0	13.0	20.7	6.50	0.350	0.450	0.950	7.22	53.6	843	95.4	81.6	8.06	20.7	10.2	6.37	1.26	0.770	2110	32.9	24.1	14.0	46.8	1.60	20.3	59.3	65.8	47.9	54.4
W18X311	311	91.6	22.3	12.0	1.52	2.74	3.24	2.19	10.4	6970	754	624	8.72	795	207	132	2.95	176	76200	58.7	482	140	375	3.53	19.6	76.7	88.7	56.6	68.6
W18X283	283	83.3	21.9	11.9	1.40	2.50	3.00	2.38	11.3	6170	676	565	8.61	704	185	118	2.91	134	65900	57.7	429	127	339	3.47	19.4	75.8	87.7	55.7	67.6
W18X258	258	76.0	21.5	11.8	1.28	2.30	2.70	2.56	12.5	5510	611	514	8.53	628	166	107	2.88	103	57600	56.6	384	116	306	3.42	19.2	75.1	86.9	54.8	66.6
W18X234	234	68.6	21.1	11.7	1.16	2.11	2.51	2.76	13.8	4900	549	466	8.44	558	149	95.8	2.85	78.7	50100	55.5	343	106	276	3.37	19.0	74.3	86.0	53.9	65.6
W18X211	211	62.3	20.7	11.6	1.06	1.91	2.31	3.02	15.1	4330	490	419	8.35	493	132	85.3	2.82	58.6	43400	54.5	302	94.6	246	3.32	18.8	73.4	85.0	53.0	64.6
W18X192	192	56.2	20.4	11.5	0.960	1.75	2.15	3.27	16.7	3870	442	380	8.28	440	119	76.8	2.79	44.7	38000	53.6	270	86.0	222	3.28	18.7	72.7	84.2	52.3	63.8
W18X175	175	51.4	20.0	11.4	0.890	1.59	1.99	3.58	18.0	3450	398	344	8.20	391	106	68.8	2.76	33.8	33300	52.5	238	76.9	198	3.24	18.4	71.7	83.1	51.4	62.8
W18X158	158	46.3	19.7	11.3	0.810	1.44	1.84	3.92	19.8	3060	356	310	8.12	347	94.8	61.4	2.74	25.2	29000	51.6	210	69.0	177	3.20	18.3	71.0	82.3	50.7	62.0
W18X143	143	42.0	19.5	11.2	0.730	1.32	1.72	4.25	22.0	2750	322	282	8.09	311	85.4	55.5	2.72	19.2	25700	50.9	188	62.8	160	3.17	18.2	70.4	81.6	50.2	61.4
W18X130	130	38.3	19.3	11.2	0.670	1.20	1.60	4.65	23.9	2460	290	256	8.03	278	76.7	49.9	2.70	14.5	22700	50.7	170	57.2	146	3.13	18.1	70.2	81.4	49.8	61.0
W18X119	119	35.1	19.0	11.3	0.655	1.06	1.46	5.31	24.5	2190	262	231	7.90	253	69.1	44.9	2.69	10.6	20300	50.7	152	50.6	131	3.13	17.9	69.9	81.2	49.3	60.6
W18X106	106	31.1	18.7	11.2	0.590	0.940	1.34	5.96	27.2	1910	230	204	7.84	220	60.5	39.4	2.66	7.48	17400	49.7	131	44.3	114	3.10	17.8	69.1	80.3	48.6	59.8
W18X97	97.0	28.5	18.6	11.1	0.535	0.870	1.27	6.41	30.0	1750	211	188	7.82	201	55.3	36.1	2.65	5.86	15800	49.2	119	40.7	105	3.08	17.7	68.7	79.8	48.3	59.4
W18X86	86.0	25.3	18.4	11.1	0.480	0.770	1.17	7.20	33.4	1530	186	166	7.77	175	48.4	31.6	2.63	4.10	13600	48.9	105	36.0	92.4	3.05	17.6	68.4	79.5	47.9	59.0
W18X76	76.0	22.3	18.2	11.0	0.425	0.680	1.08	8.11	37.8	1330	163	146	7.73	152	42.2	27.6	2.61	2.83	11700	48.2	90.1	31.5	80.6	3.02	17.5	67.9	78.9	47.4	58.4
W18X71	71.0	20.9	18.5	7.64	0.495	0.810	1.21	4.71	32.4	1170	146	127	7.50	60.3	24.7	15.8	1.70	3.49	4700	33.8	52.3	25.6	72.4	2.05	17.7	58.3	65.9	44.6	52.3
W18X65	65.0	19.1	18.4	7.59	0.450	0.750	1.15	5.06	35.7	1070	133	117	7.49	54.8	22.5	14.4	1.69	2.73	4240	33.5	47.7	23.6	66.3	2.03	17.7	58.0	65.6	44.4	52.0
W18X60	60.0	17.6	18.2	7.56	0.415	0.695	1.10	5.44	38.7	984	123	108	7.47	50.1	20.6	13.3	1.68	2.17	3850	33.1	43.5	21.7	60.6	2.02	17.5	57.5	65.1	44.0	51.5
W18X55	55.0	16.2	18.1	7.53	0.390	0.630	1.03	5.98	41.1	890	112	98.3	7.41	44.9	18.5	11.9	1.67	1.66	3430	32.9	39.0	19.6	55.3	2.00	17.5	57.3	64.8	43.7	51.3
W18X50	50.0	14.7	18.0	7.50	0.355	0.570	0.972	6.57	45.2	800	101	88.9	7.38	40.1	16.6	10.7	1.65	1.24	3040	32.7	34.9	17.7	49.9	1.98	17.4	57.1	64.6	43.5	51.0
W18X46	46.0	13.5	18.1	6.06	0.360	0.605	1.01	5.01	44.6	712	90.7	78.8	7.25	22.5	11.7	7.43	1.29	1.22	1720	26.5	24.3	15.1	44.9	1.58	17.5	52.9	59.0	42.3	48.3
W18X40	40.0	11.8	17.9	6.02	0.315	0.525	0.927	5.73	50.9	612	78.4	68.4	7.21	19.1	10.0	6.35	1.27	0.810	1440	26.1	20.7	13.0	38.6	1.56	17.4	52.6	58.6	41.8	47.8
W18X35	35.0	10.3	17.7	6.00	0.300	0.425	0.827	7.06	53.5	510	66.5	57.6	7.04	15.3	8.06	5.12	1.22	0.506	1140	25.9	16.5	10.5	32.7	1.51	17.3	52.1	58.1	41.4	47.4
W16X100	100	29.4	17.0	10.4	0.585	0.985	1.39	5.29	24.3	1490	198	175	7.10	186	54.9	35.7	2.51	7.73	11900	41.6	107	38.7	98.5	2.92	16.0	63.3	73.7	44.4	54.8
W16X89	89.0	26.2	16.8	10.4	0.525	0.875	1.28	5.92	27.0	1300	175	155	7.05	163	48.1	31.4	2.49	5.45	10200	41.4	94.2	34.4	87.3	2.88	15.9	63.1	73.5	44.0	54.4
W16X77	77.0	22.6	16.5	10.3	0.455	0.760	1.16	6.77	31.2	1110	150	134	7.00	138	41.1	26.9	2.47	3.57	8590	40.5	79.3	29.4	74.4	2.85	15.7	62.3	72.6	43.3	53.6
W16X67	67.0	19.6	16.3	10.2	0.395	0.665	1.07	7.70	35.9	954	130	117	6.96	119	35.5	23.2	2.46	2.39	7300	39.9	67.6	25.5	64.1	2.82	15.6	61.7	71.9	42.8	53.0
W16X57	57.0	16.8	16.4	7.12	0.430	0.715	1.12	4.98	33.0	758	105	92.2	6.72	43.1	18.9	12.1	1.60	2.22	2660	27.9	35.5	18.8	52.0	1.92	15.7	52.6	59.7	39.9	47.0
W16X50	50.0	14.7	16.3	7.07	0.380	0.630	1.03	5.61	37.4	659	92.0	81.0	6.68	37.2	16.3	10.5	1.59	1.52	2270	27.7	30.8	16.5	45.6	1.89	15.7	52.3	59.4	39.7	46.7
W16X45	45.0	13.3	16.1	7.04	0.345	0.565	0.967	6.23	41.1	586	82.3	72.7	6.65	32.8	14.5	9.34	1.57	1.11	1990	27.3	27.2	14.7	40.6	1.87	15.5	52.0	59.0	39.2	46.3
W16X40	40.0	11.8	16.0	7.00	0.305	0.505	0.907	6.93	46.5	518	73.0	64.7	6.63	28.9	12.7	8.25	1.57	0.794	1730	27.1	24.0	13.1	36.0	1.86	15.5	51.7	58.7	39.0	46.0
W16X36	36.0	10.6	15.9	6.99	0.295	0.430	0.832	8.12	48.1	448	64.0	56.5	6.51	24.5	10.8	7.00	1.52	0.545	1460	27.0	20.3	11.1	31.6	1.83	15.5	51.5	58.5	38.8	45.8
W16X31	31.0	9.13	15.9	5.53	0.275	0.440	0.842	6.28	51.6	375	54.0	47.2	6.41	12.4	7.03	4.49	1.17	0.461	739	21.4	13.0	8.94	26.6	1.42	15.5	47.2	52.7	37.3	42.9
W16X26	26.0	7.68	15.7	5.50	0.250	0.345	0.747	7.97	56.8	301	44.2	38.4	6.26	9.6	5.48	3.49	1.12	0.262	565	21.1	10.0	6.95	21.6	1.38	15.4	46.7	52.2	36.9	42.4
W14X873	873	257	23.6	18.8	3.94	5.51	6.10	1.71	2.89	18100	2030	1530	8.39	6170	1020	656	4.90	2270	505000	85.0	2200	370	1010	6.04	18.1	95.2	114	66.0	84.8
W14X808	808	238	22.8	18.6	3.74	5.12	5.71	1.82	3.04	15900	1830	1390	8.17	5550	930	597	4.83	1840	434000	82.2	1960	336	916	5.94	17.7	93.4	112	64.2	82.8
W14X730	730	215	22.4	17.9	3.07	4.91	5.51	1.82	3.71	14300	1660	1280	8.17	4720	816	527	4.69	1450	362000	78.3	1720	318	829	5.68	17.5	91.1	109	62.7	80.6
W14X665	665	196	21.6	17.7	2.83	4.52	5.12	1.95	4.03	12400	1480	1150	7.98	4170	730	472	4.62	1120	305000	75.6	1510	287	739	5.57	17.1	89.3	107	60.9	78.6
W14X605	605	178	20.9	17.4	2.60	4.16	4.76	2.09	4.39	10800	1320	1040	7.80	3680	652	423	4.55	869	258000	72.8	1320	258	657	5.44	16.7	87.6	105	59.2	76.6
W14X550	550	162	20.2	17.2	2.38	3.82	4.42	2.25	4.79	9430	1180	931	7.63	3250	583	378	4.49	669	219000	70.4	1160	232	585	5.35	16.4	85.8	103	57.6	74.8
W14X500	500	147	19.6	17.0	2.19	3.50	4.10	2.43	5.21	8210	1050	838	7.48	2880	522	339	4.43	514	187000	68.4	1020	209	522	5.26	16.1	85.0	102	56.2	73.2
W14X455	455	134	19.0	16.8	2.02	3.21	3.81	2.62	5.66	7190	936	756	7.33	2560	468	304	4.38	395	160000	66.3	894	187	466	5.17	15.8	83.2	100	54.8	71.6
W14X426	426	125	18.7	16.7	1.88	3.04	3.63	2.75	6.08	6600	869	706	7.26	2360	434	283	4.34	331	144000	65.4	830	176	435	5.11	15.7	82.7	99.4	54.1	70.8
W14X398	398	117	18.3	16.6	1.77	2.85	3.44	2.92	6.44	6000	801	656	7.16	2170	402	262	4.31	273	129000	64.1	758	163	401	5.05	15.5	81.8	98.4	53.2	69.8
W14X370	370	109	17.9	16.5	1.66	2.66	3.26	3.10	6.89	5440	736	607	7.07	1990	370	241	4.27	222	116000	62.9	690	150	367	5.00	15.2	81.0	97.5	52.3	68.8
W14X342	342	101	17.5	16.4	1.54	2.47	3.07	3.31	7.41	4900	672	558	6.98	1810	338	221	4.24	178	103000	61.6	624	138	335	4.95	15.0	80.1	96.5	51.4	67.8
W14X311	311	91.4	17.1	16.2	1.41	2.26	2.86	3.59	8.09	4330	603	506	6.88	1610	304	199	4.20	136	89100	60.1	550	124	300	4.87	14.8	79.0	95.2	50.4	66.6
W14X283	283	83.3	16.7	16.1	1.29	2.07	2.67	3.89	8.84	3840	542	459	6.79	1440	274	179	4.17	104	77700	58.9	491	112	269	4.80	14.6	78.1	94.2	49.5	65.6
W14X257	257	75.6	16.4	16.0	1.18	1.89	2.49	4.23	9.71	3400	487	415	6.71	1290	246	161	4.13	79.1	67800	58.0	439	102	243	4.75	14.5	77.4	93.4	48.8	64.8
W14X233	233	68.5	16.0	15.9	1.07	1.72	2.32	4.62	10.7	3010	436	375	6.63	1150	221	145	4.10	59.5	59000	56.8	388	91.1	216	4.69	14.3	76.5	92.4	47.9	63.8
W14X211	211	62.0	15.7	15.8	0.980	1.56	2.16	5.06	11.6	2660	390	338	6.55	1030	198	130	4.07	44.6	51500	55.9	344	81.7	194	4.64	14.1	75.8	91.6	47.2	63.0
W14X193	193	56.8	15.5	15.7	0.890	1.44	2.04	5.45	12.8	2400	355	310	6.50	931	180	119	4.05	34.8	45900	55.2	312	75.0	177	4.59	14.1	75.3	91.0	46.7	62.4
W14X176	176	51.8	15.2	15.7	0.830	1.31	1.91	5.97	13.7	2140	320	281	6.43	838	163	107	4.02	26.5	40500	54.5	280	67.6	159	4.55	13.9	74.8	90.5	46.1	61.8
W14X159	159	46.7	15.0	15.6	0.745	1.19	1.79	6.54	15.3	1900	287	254	6.38	748	146	96.2	4.00	19.7	35600	53.9	250	61.0	143	4.51	13.8	74.3	89.9	45.6	61.2
W14X145	145	42.7	14.8	15.5	0.680	1.09	1.69	7.11	16.8	1710	260	232	6.33	677	133	87.3	3.98	15.2	31700	53.1	224	55.4	129	4.47	13.7	73.7	89.2	45.1	60.6
W14X132	132	38.8	14.7	14.7	0.645	1.03	1.63	7.15	17.7	1530	234	209	6.28	548	113	74.5	3.76	12.3	25500	50.2	190	49.5	116	4.23	13.7	71.2	85.9	44.1	58.8
W14X120	120	35.3	14.5	14.7	0.590	0.940	1.54	7.80	19.3	1380	212	190	6.24	495	102	67.5	3.74	9.37	22700	49.8	172	45.0	105	4.20	13.6	70.9	85.6	43.7	58.4
W14X109	109	32.0	14.3	14.6	0.525	0.860	1.46	8.49	21.7	1240	192	173	6.22	447	92.7	61.2	3.73	7.12	20200	49.1	154	40.7	94.8	4.17	13.4	70.3	84.9	43.2	57.8
W14X99	99.0	29.1	14.2	14.6	0.485	0.780	1.38	9.34	23.5	1110	173	157	6.17	402	83.6	55.2	3.71	5.37	18000	49.0	139	36.9	86.1	4.14	13.4	70.2	84.8	43.0	57.6
W14X90	90.0	26.5	14.0	14.5	0.440	0.710	1.31	10.2	25.9	999	157	143	6.14	362	75.6	49.9	3.70	4.06	16000	48.2	124	33.2	77.1	4.10	13.3	69.6	84.1	42.5	57.0
W14X82	82.0	24.0	14.3	10.1	0.510	0.855	1.45	5.92	22.4	881	139	123	6.05	148	44.8	29.3	2.48	5.07	6710	33.9	73.3	27.6	68.2	2.85	13.4	56.9	67.0	38.7	48.8
W14X74	74.0	21.8	14.2	10.1	0.450	0.785	1.38	6.41	25.4	795	126	112	6.04	134	40.5	26.6	2.48	3.87	5990	33.9	67.1	25.4	62.2	2.83	13.4	56.8	66.9	38.5	48.6
W14X68	68.0	20.0	14.0	10.0	0.415	0.720	1.31	6.97	27.5	722	115	103	6.01	121	36.9	24.2	2.46	3.01	5380	33.2	59.8	22.9	56.0	2.80	13.3	56.2	66.2	38.0	48.0
W14X61	61.0	17.9	13.9	10.0	0.375	0.645	1.24	7.75	30.4	640	102	92.1	5.98	107	32.8	21.5	2.45	2.19	4710	33.1	53.4	20.6	50.2	2.78	13.3	56.0	66.0	37.8	47.8
W14X53	53.0	15.6	13.9	8.06	0.370	0.660	1.25	6.11	30.9	541	87.1	77.8	5.89	57.7	22.0	14.3	1.92	1.94	2540	26.7	35.5	16.8	42.5	2.22	13.2	50.2	58.3	35.9	43.9
W14X48	48.0	14.1	13.8	8.03	0.340	0.595	1.19	6.75	33.6	484	78.4	70.2	5.85	51.4	19.6	12.8	1.91	1.45	2240	26.5	31.7	15.1	38.3	2.20	13.2	50.0	58.0	35.6	43.7
W14X43	43.0	12.6	13.7	8.00	0.305	0.530	1.12	7.54	37.4	428	69.6	62.6	5.82	45.2	17.3	11.3	1.89	1.05	1950	26.3	27.9	13.4	34.0	2.18	13.2	49.8	57.8	35.4	43.4
W14X38	38.0	11.2	14.1	6.77	0.310	0.515	0.915	6.57	39.6	385	61.5	54.6	5.87	26.7	12.1	7.88	1.55	0.798	1230	23.0	20.0	11.3	30.3	1.82	13.6	47.2	54.0	35.0	41.7
W14X34	34.0	10.0	14.0	6.75	0.285	0.455	0.855	7.41	43.1	340	54.6	48.6	5.83	23.3	10.6	6.91	1.53	0.569	1070	22.9	17.6	10.0	26.9	1.80	13.5	47.0	53.7	34.8	41.5
W14X30	30.0	8.85	13.8	6.73	0.270	0.385	0.785	8.74	45.4	291	47.3	42.0	5.73	19.6	8.99	5.82	1.49	0.380	887	22.6	14.6	8.34	23.1	1.77	13.4	46.6	53.3	34.3	41.1
W14X26	26.0	7.69	13.9	5.03	0.255	0.420	0.820	5.98	48.1	245	40.2	35.3	5.65	8.91	5.54	3.55	1.08	0.358	405	17.0	8.95	6.76	19.7	1.30	13.5	41.7	46.7	32.8	37.9
W14X22	22.0	6.49	13.7	5.00	0.230	0.335	0.735	7.46	53.3	199	33.2	29.0	5.54	7.00	4.39	2.80	1.04	0.208	314	16.7	7.00	5.34	16.1	1.27	13.4	41.3	46.3	32.4	37.4
W12X336	336	98.9	16.8	13.4	1.78	2.96	3.55	2.26	5.47	4060	603	483	6.41	1190	274	177	3.47	243	57000	46.4	460	119	301	4.13	13.8	69.2	82.6	47.0	60.4
W12X305	305	89.5	16.3	13.2	1.63	2.71	3.30	2.45	5.98	3550	537	435	6.29	1050	244	159	3.42	185	48600	44.8	401	107	267	4.05	13.6	67.9	81.1	45.8	59.0
W12X279	279	81.9	15.9	13.1	1.53	2.47	3.07	2.66	6.35	3110	481	393	6.16	937	220	143	3.38	143	42000	44.0	356	96.0	240	4.00	13.4	67.0	80.1	44.9	58.0
W12X252	252	74.1	15.4	13.0	1.40	2.25	2.85	2.89	6.96	2720	428	353	6.06	828	196	127	3.34	108	35800	42.7	313	85.8	213	3.93	13.2	66.0	79.0	43.8	56.8
W12X230	230	67.7	15.1	12.9	1.29	2.07	2.67	3.11	7.56	2420	386	321	5.97	742	177	115	3.31	83.8	31200	42.0	281	78.3	193	3.87	13.0	65.3	78.2	43.1	56.0
W12X210	210	61.8	14.7	12.8	1.18	1.90	2.50	3.37	8.23	2140	348	292	5.89	664	159	104	3.28	64.7	27200	41.0	249	70.6	173	3.81	12.8	64.4	77.2	42.2	55.0
W12X190	190	56.0	14.4	12.7	1.06	1.74	2.33	3.65	9.16	1890	311	263	5.82	589	143	93.0	3.25	48.8	23600	40.2	222	64.1	156	3.77	12.7	63.8	76.5	41.5	54.2
W12X170	170	50.0	14.0	12.6	0.960	1.56	2.16	4.03	10.1	1650	275	235	5.74	517	126	82.3	3.22	35.6	20100	39.2	193	56.5	136	3.70	12.4	62.9	75.5	40.6	53.2
W12X152	152	44.7	13.7	12.5	0.870	1.40	2.00	4.46	11.2	1430	243	209	5.66	454	111	72.8	3.19	25.8	17200	38.4	168	50.1	121	3.66	12.3	62.1	74.6	39.9	52.4
W12X136	136	39.9	13.4	12.4	0.790	1.25	1.85	4.96	12.3	1240	214	186	5.58	398	98.0	64.2	3.16	18.5	14700	37.7	146	44.1	106	3.61	12.2	61.4	73.8	39.2	51.6
W12X120	120	35.2	13.1	12.3	0.710	1.11	1.70	5.57	13.7	1070	186	163	5.51	345	85.4	56.0	3.13	12.9	12400	36.9	126	38.6	92.4	3.56	12.0	60.7	73.0	38.5	50.8
W12X106	106	31.2	12.9	12.2	0.610	0.990	1.59	6.17	15.9	933	164	145	5.47	301	75.1	49.3	3.11	9.13	10700	36.3	110	34.2	81.0	3.52	11.9	60.2	72.4	38.0	50.2
W12X96	96.0	28.2	12.7	12.2	0.550	0.900	1.50	6.76	17.7	833	147	131	5.44	270	67.5	44.4	3.09	6.85	9410	36.0	98.8	30.9	73.0	3.49	11.8	59.9	72.1	37.6	49.8
W12X87	87.0	25.6	12.5	12.1	0.515	0.810	1.41	7.48	18.9	740	132	118	5.38	241	60.4	39.7	3.07	5.10	8270	35.4	86.6	27.4	64.9	3.46	11.7	59.2	71.3	37.1	49.2
W12X79	79.0	23.2	12.4	12.1	0.470	0.735	1.33	8.22	20.7	662	119	107	5.34	216	54.3	35.8	3.05	3.84	7330	35.3	78.5	24.9	58.9	3.43	11.7	59.1	71.2	36.9	49.0
W12X72	72.0	21.1	12.3	12.0	0.430	0.670	1.27	8.99	22.6	597	108	97.4	5.31	195	49.2	32.4	3.04	2.93	6540	34.9	70.1	22.5	53.2	3.41	11.6	58.7	70.7	36.6	48.6
W12X65	65.0	19.1	12.1	12.0	0.390	0.605	1.20	9.92	24.9	533	96.8	87.9	5.28	174	44.1	29.1	3.02	2.18	5780	34.5	62.6	20.2	47.5	3.38	11.5	58.4	70.4	36.2	48.2
W12X58	58.0	17.0	12.2	10.0	0.360	0.640	1.24	7.82	27.0	475	86.4	78.0	5.28	107	32.5	21.4	2.51	2.10	3570	28.9	46.2	17.8	42.4	2.81	11.6	52.6	62.6	34.4	44.4
W12X53	53.0	15.6	12.1	10.0	0.345	0.575	1.18	8.69	28.1	425	77.9	70.6	5.23	95.8	29.1	19.2	2.48	1.58	3160	28.8	41.4	16.0	38.3	2.79	11.5	52.5	62.5	34.2	44.2
W12X50	50.0	14.6	12.2	8.08	0.370	0.640	1.14	6.31	26.8	391	71.9	64.2	5.18	56.3	21.3	13.9	1.96	1.71	1880	23.4	30.2	14.3	35.4	2.25	11.6	47.0	55.1	32.5	40.6
W12X45	45.0	13.1	12.1	8.05	0.335	0.575	1.08	7.00	29.6	348	64.2	57.7	5.15	50.0	19.0	12.4	1.95	1.26	1650	23.2	26.8	12.8	31.7	2.23	11.5	46.8	54.9	32.3	40.3
W12X40	40.0	11.7	11.9	8.01	0.295	0.515	1.02	7.77	33.6	307	57.0	51.5	5.13	44.1	16.8	11.0	1.94	0.906	1440	22.8	23.5	11.3	27.8	2.21	11.4	46.4	54.4	31.8	39.8
W12X35	35.0	10.3	12.5	6.56	0.300	0.520	0.820	6.31	36.2	285	51.2	45.6	5.25	24.5	11.5	7.47	1.54	0.741	879	19.6	16.8	9.75	25.4	1.79	12.0	43.5	50.1	31.6	38.1
W12X30	30.0	8.79	12.3	6.52	0.260	0.440	0.740	7.41	41.8	238	43.1	38.6	5.21	20.3	9.56	6.24	1.52	0.457	720	19.3	13.9	8.17	21.3	1.77	11.9	43.1	49.6	31.1	37.6
W12X26	26.0	7.65	12.2	6.49	0.230	0.380	0.680	8.54	47.2	204	37.2	33.4	5.17	17.3	8.17	5.34	1.51	0.300	607	19.2	11.8	7.03	18.3	1.75	11.8	42.9	49.4	30.9	37.4
W12X22	22.0	6.48	12.3	4.03	0.260	0.425	0.725	4.74	41.8	156	29.3	25.4	4.91	4.66	3.66	2.31	0.848	0.293	164	12.0	5.12	4.76	14.4	1.04	11.9	35.7	39.7	28.6	32.7
W12X19	19.0	5.57	12.2	4.01	0.235	0.350	0.650	5.72	46.2	130	24.7	21.3	4.82	3.76	2.98	1.88	0.822	0.180	131	11.9	4.17	3.91	12.2	1.02	11.9	35.5	39.5	28.4	32.4
W12X16	16.0	4.71	12.0	3.99	0.220	0.265	0.565	7.53	49.4	103	20.1	17.1	4.67	2.82	2.26	1.41	0.773	0.103	96.9	11.7	3.09	2.93	9.82	0.983	11.7	35.0	39.0	28.0	32.0
W12X14	14.0	4.16	11.9	3.97	0.200	0.225	0.525	8.82	54.3	88.6	17.4	14.9	4.62	2.36	1.90	1.19	0.753	0.0704	80.4	11.6	2.59	2.48	8.49	0.961	11.7	34.8	38.8	27.8	31.7
W10X112	112	32.9	11.4	10.4	0.755	1.25	1.75	4.17	10.4	716	147	126	4.66	236	69.2	45.3	2.68	15.1	6020	26.4	85.8	30.6	73.5	3.08	10.2	51.6	62.0	33.2	43.6
W10X100	100	29.3	11.1	10.3	0.680	1.12	1.62	4.62	11.6	623	130	112	4.60	207	61.0	40.0	2.65	10.9	5150	25.7	74.1	26.9	64.2	3.04	10.0	50.9	61.2	32.5	42.8
W10X88	88.0	26.0	10.8	10.3	0.605	0.990	1.49	5.18	13.0	534	113	98.5	4.54	179	53.1	34.8	2.63	7.53	4330	25.3	64.4	23.5	55.9	2.99	9.81	50.4	60.7	31.9	42.2
W10X77	77.0	22.7	10.6	10.2	0.530	0.870	1.37	5.86	14.8	455	97.6	85.9	4.49	154	45.9	30.1	2.60	5.11	3630	24.8	55.0	20.5	48.4	2.95	9.73	49.9	60.1	31.4	41.6
W10X68	68.0	19.9	10.4	10.1	0.470	0.770	1.27	6.58	16.7	394	85.3	75.7	4.44	134	40.1	26.4	2.59	3.56	3100	24.3	47.3	17.9	42.1	2.92	9.63	49.3	59.4	30.9	41.0
W10X60	60.0	17.7	10.2	10.1	0.420	0.680	1.18	7.41	18.7	341	74.6	66.7	4.39	116	35.0	23.0	2.57	2.48	2640	24.0	41.3	15.7	36.8	2.88	9.52	49.0	59.1	30.5	40.6
W10X54	54.0	15.8	10.1	10.0	0.370	0.615	1.12	8.15	21.2	303	66.6	60.0	4.37	103	31.3	20.6	2.56	1.82	2320	23.7	36.5	14.0	32.8	2.85	9.49	48.6	58.6	30.2	40.2
W10X49	49.0	14.4	10.0	10.0	0.340	0.560	1.06	8.93	23.1	272	60.4	54.6	4.35	93.4	28.3	18.7	2.54	1.39	2070	23.6	33.0	12.8	29.8	2.84	9.44	48.5	58.5	30.0	40.0
W10X45	45.0	13.3	10.1	8.02	0.350	0.620	1.12	6.47	22.5	248	54.9	49.1	4.32	53.4	20.3	13.3	2.01	1.51	1200	19.0	23.6	11.3	27.0	2.27	9.48	42.7	50.7	28.2	36.2
W10X39	39.0	11.5	9.92	7.99	0.315	0.530	1.03	7.53	25.0	209	46.8	42.1	4.27	45.0	17.2	11.3	1.98	0.976	992	18.8	19.9	9.55	23.0	2.24	9.39	42.3	50.3	27.8	35.8
W10X33	33.0	9.71	9.73	7.96	0.290	0.435	0.935	9.15	27.1	171	38.8	35.0	4.19	36.6	14.0	9.20	1.94	0.583	791	18.5	16.0	7.75	18.9	2.20	9.30	41.9	49.9	27.4	35.4
W10X30	30.0	8.84	10.5	5.81	0.300	0.510	0.810	5.70	29.5	170	36.6	32.4	4.38	16.7	8.84	5.75	1.37	0.622	414	14.5	10.7	7.02	18.2	1.60	9.99	37.3	43.1	26.8	32.6
W10X26	26.0	7.61	10.3	5.77	0.260	0.440	0.740	6.56	34.0	144	31.3	27.9	4.35	14.1	7.50	4.89	1.36	0.402	345	14.2	9.03	5.98	15.4	1.58	9.86	36.8	42.6	26.4	32.1
W10X22	22.0	6.49	10.2	5.75	0.240	0.360	0.660	7.99	36.9	118	26.0	23.2	4.27	11.4	6.10	3.97	1.33	0.239	275	14.1	7.32	4.88	12.9	1.55	9.84	36.6	42.4	26.2	31.9
W10X19	19.0	5.62	10.2	4.02	0.250	0.395	0.695	5.09	35.4	96.3	21.6	18.8	4.14	4.29	3.35	2.14	0.874	0.233	104	9.85	3.91	3.65	10.6	1.06	9.81	31.5	35.5	24.4	28.4
W10X17	17.0	4.99	10.1	4.01	0.240	0.330	0.630	6.08	36.9	81.9	18.7	16.2	4.05	3.56	2.80	1.78	0.845	0.156	85.1	9.79	3.24	3.04	9.14	1.04	9.77	31.2	35.2	24.2	28.2
W10X15	15.0	4.41	9.99	4.00	0.230	0.270	0.570	7.41	38.5	68.9	16.0	13.8	3.95	2.89	2.30	1.45	0.810	0.104	68.3	9.73	2.63	2.48	7.83	1.01	9.72	31.0	35.0	24.0	28.0
W10X12	12.0	3.54	9.87	3.96	0.190	0.210	0.510	9.43	46.6	53.8	12.6	10.9	3.90	2.18	1.74	1.10	0.785	0.0547	50.9	9.56	1.99	1.91	6.14	0.983	9.66	30.7	34.7	23.7	27.7
W8X67	67.0	19.7	9.00	8.28	0.570	0.935	1.33	4.43	11.1	272	70.1	60.4	3.72	88.6	32.7	21.4	2.12	5.05	1440	16.7	32.3	14.5	34.8	2.43	8.07	41.0	49.3	26.3	34.6
W8X58	58.0	17.1	8.75	8.22	0.510	0.810	1.20	5.07	12.4	228	59.8	52.0	3.65	75.1	27.9	18.3	2.10	3.33	1180	16.3	27.2	12.4	29.7	2.39	7.94	40.5	48.7	25.7	33.9
W8X48	48.0	14.1	8.50	8.11	0.400	0.685	1.08	5.92	15.9	184	49.0	43.2	3.61	60.9	22.9	15.0	2.08	1.96	931	15.8	22.0	10.3	24.2	2.35	7.82	39.9	48.0	25.1	33.2
W8X40	40.0	11.7	8.25	8.07	0.360	0.560	0.954	7.21	17.6	146	39.8	35.5	3.53	49.1	18.5	12.2	2.04	1.12	726	15.5	17.5	8.30	19.7	2.31	7.69	39.3	47.4	24.6	32.6
W8X35	35.0	10.3	8.12	8.02	0.310	0.495	0.889	8.10	20.5	127	34.7	31.2	3.51	42.6	16.1	10.6	2.03	0.769	619	15.3	15.2	7.28	17.1	2.28	7.63	39.0	47.0	24.3	32.3
W8X31	31.0	9.13	8.00	8.00	0.285	0.435	0.829	9.19	22.3	110	30.4	27.5	3.47	37.1	14.1	9.27	2.02	0.536	530	15.1	13.2	6.35	15.0	2.26	7.57	38.8	46.8	24.0	32.0
W8X28	28.0	8.25	8.06	6.54	0.285	0.465	0.859	7.03	22.3	98.0	27.2	24.3	3.45	21.7	10.1	6.63	1.62	0.537	312	12.4	9.44	5.52	13.4	1.84	7.60	34.5	41.0	22.7	29.2
W8X24	24.0	7.08	7.93	6.50	0.245	0.400	0.794	8.12	25.9	82.7	23.1	20.9	3.42	18.3	8.57	5.63	1.61	0.346	259	12.2	7.95	4.71	11.3	1.81	7.53	34.2	40.7	22.4	28.9
W8X21	21.0	6.16	8.28	5.27	0.250	0.400	0.700	6.59	27.5	75.3	20.4	18.2	3.49	9.77	5.69	3.71	1.26	0.282	152	10.4	5.47	3.96	10.1	1.46	7.88	31.3	36.6	21.8	27.1
W8X18	18.0	5.26	8.14	5.25	0.230	0.330	0.630	7.95	29.9	61.9	17.0	15.2	3.43	7.97	4.66	3.04	1.23	0.172	122	10.3	4.44	3.23	8.37	1.43	7.81	31.0	36.3	21.5	26.8
W8X15	15.0	4.44	8.11	4.02	0.245	0.315	0.615	6.37	28.1	48.0	13.6	11.8	3.29	3.41	2.67	1.70	0.876	0.137	51.8	7.81	2.47	2.31	6.64	1.06	7.80	27.3	31.3	20.2	24.2
W8X13	13.0	3.84	7.99	4.00	0.230	0.255	0.555	7.84	29.9	39.6	11.4	9.91	3.21	2.73	2.15	1.37	0.843	0.0871	40.8	7.74	1.97	1.86	5.55	1.03	7.74	27.0	31.0	20.0	24.0
W8X10	10.0	2.96	7.89	3.94	0.170	0.205	0.505	9.61	40.5	30.8	8.87	7.81	3.22	2.09	1.66	1.06	0.841	0.0426	30.9	7.57	1.53	1.48	4.29	1.01	7.69	26.8	30.7	19.7	23.7
W6X25	25.0	7.34	6.38	6.08	0.320	0.455	0.705	6.68	15.5	53.4	18.9	16.7	2.70	17.1	8.56	5.61	1.52	0.461	150	9.01	6.23	3.88	9.39	1.74	5.93	29.9	36.0	18.8	24.9
W6X20	20.0	5.87	6.20	6.02	0.260	0.365	0.615	8.25	19.1	41.4	14.9	13.4	2.66	13.3	6.72	4.41	1.50	0.240	113	8.78	4.82	3.07	7.38	1.70	5.84	29.5	35.5	18.4	24.4
W6X15	15.0	4.43	5.99	5.99	0.230	0.260	0.510	11.5	21.6	29.1	10.8	9.72	2.56	9.32	4.75	3.11	1.45	0.101	76.5	8.58	3.34	2.15	5.32	1.66	5.73	29.1	35.1	18.0	24.0
W6X16	16.0	4.74	6.28	4.03	0.260	0.405	0.655	4.98	19.1	32.1	11.7	10.2	2.60	4.43	3.39	2.20	0.967	0.223	38.2	5.92	2.42	2.24	5.77	1.13	5.88	23.7	27.7	16.6	20.6
W6X12	12.0	3.55	6.03	4.00	0.230	0.280	0.530	7.14	21.6	22.1	8.30	7.31	2.49	2.99	2.32	1.50	0.918	0.0903	24.7	5.75	1.61	1.52	4.08	1.08	5.75	23.2	27.2	16.1	20.1
W6X9	9.00	2.68	5.90	3.94	0.170	0.215	0.465	9.16	29.2	16.4	6.23	5.56	2.47	2.20	1.72	1.11	0.905	0.0405	17.7	5.60	1.19	1.15	3.04	1.06	5.69	22.9	26.8	15.7	19.7
W6X8.5	8.50	2.52	5.83	3.94	0.170	0.195	0.445	10.1	29.1	14.9	5.73	5.10	2.43	1.99	1.56	1.01	0.890	0.0333	15.8	5.55	1.06	1.03	2.78	1.05	5.64	22.8	26.7	15.6	19.5
W5X19	19.0	5.56	5.15	5.03	0.270	0.430	0.730	5.85	13.7	26.3	11.6	10.2	2.17	9.13	5.53	3.63	1.28	0.316	50.9	5.94	3.21	2.42	5.73	1.45	4.72	24.4	29.4	15.3	20.4
W5X16	16.0	4.71	5.01	5.00	0.240	0.360	0.660	6.94	15.4	21.4	9.63	8.55	2.13	7.51	4.58	3.00	1.26	0.192	40.6	5.81	2.62	1.99	4.74	1.43	4.65	24.0	29.0	15.0	20.0
W4X13	13.0	3.83	4.16	4.06	0.280	0.345	0.595	5.88	10.6	11.3	6.28	5.46	1.72	3.86	2.92	1.90	1.00	0.151	14.0	3.87	1.36	1.24	3.09	1.16	3.82	19.5	23.6	12.4	16.4
M12.5X12.4	12.4	3.63	12.5	3.75	0.155	0.228	0.563	8.22	74.8	89.3	16.5	14.2	4.96	2.01	1.68	1.07	0.744	0.0493	76.0	11.5	2.46	2.51	8.06	0.933	12.3	35.5	39.3	28.8	32.5
M12.5X11.6	11.6	3.40	12.5	3.50	0.155	0.211	0.563	8.29	74.8	80.3	15.0	12.8	4.86	1.51	1.37	0.864	0.667	0.0414	57.1	10.8	1.99	2.17	7.36	0.852	12.3	34.8	38.3	28.5	32.0
M12X11.8	11.8	3.47	12.0	3.07	0.177	0.225	0.563	6.81	62.5	72.2	14.3	12.0	4.56	1.09	1.15	0.709	0.559	0.0500	37.7	9.04	1.56	1.92	7.02	0.731	11.8	32.4	35.5	27.1	30.1
M12X10.8	10.8	3.18	12.0	3.07	0.160	0.210	0.563	7.30	69.2	66.7	13.2	11.1	4.58	1.01	1.07	0.661	0.564	0.0393	35.0	9.05	1.46	1.80	6.48	0.732	11.8	32.4	35.5	27.0	30.1
M12X10	10.0	2.95	12.0	3.25	0.149	0.180	0.500	9.03	74.7	61.7	12.2	10.3	4.57	1.03	1.02	0.636	0.592	0.0292	35.9	9.60	1.40	1.65	5.98	0.768	11.8	33.0	36.2	27.2	30.4
M10X9	9.00	2.65	10.0	2.69	0.157	0.206	0.563	6.53	58.4	39.0	9.22	7.79	3.83	0.672	0.809	0.500	0.503	0.0314	16.1	6.59	0.910	1.28	4.52	0.650	9.79	27.4	30.1	22.7	25.4
M10X8	8.00	2.37	9.95	2.69	0.141	0.182	0.563	7.39	65.0	34.6	8.20	6.95	3.82	0.593	0.711	0.441	0.500	0.0224	14.2	6.57	0.800	1.13	4.01	0.646	9.77	27.3	30.0	22.6	25.3
M10X7.5	7.50	2.22	9.99	2.69	0.130	0.173	0.438	7.77	71.0	33.0	7.77	6.60	3.85	0.562	0.670	0.418	0.503	0.0187	13.5	6.60	0.770	1.09	3.80	0.646	9.82	27.4	30.1	22.7	25.4
M8X6.5	6.50	1.92	8.00	2.28	0.135	0.189	0.563	6.03	53.8	18.5	5.43	4.63	3.11	0.376	0.529	0.329	0.443	0.0184	5.73	4.45	0.480	0.790	2.66	0.563	7.81	22.3	24.5	18.3	20.6
M8X6.2	6.20	1.82	8.00	2.28	0.129	0.177	0.438	6.44	56.5	17.6	5.15	4.39	3.10	0.352	0.495	0.308	0.439	0.0156	5.38	4.46	0.450	0.740	2.52	0.560	7.82	22.3	24.6	18.3	20.6
M6X4.4	4.40	1.29	6.00	1.84	0.114	0.171	0.375	5.39	47.0	7.23	2.80	2.41	2.36	0.180	0.311	0.195	0.372	0.00990	1.53	2.68	0.210	0.430	1.37	0.467	5.83	17.0	18.9	13.8	15.7
M6X3.7	3.70	1.09	5.92	2.00	0.0980	0.129	0.313	7.75	54.7	5.96	2.33	2.01	2.34	0.173	0.273	0.173	0.398	0.00530	1.45	2.90	0.190	0.360	1.14	0.499	5.79	17.4	19.4	13.8	15.8
M5X18.9	18.9	5.56	5.00	5.00	0.316	0.416	0.813	6.01	11.2	24.2	11.1	9.67	2.08	8.70	5.33	3.48	1.25	0.313	45.7	5.73	2.98	2.23	5.45	1.44	4.58	23.8	28.8	15.0	20.0
M4X6	6.00	1.75	3.80	3.80	0.130	0.160	0.500	11.9	22.0	4.72	2.74	2.48	1.64	1.47	1.18	0.771	0.915	0.0184	4.87	3.46	0.530	0.530	1.30	1.04	3.64	18.2	22.0	11.4	15.2
M4X4.08	4.08	1.27	4.00	2.25	0.115	0.170	0.563	6.62	26.4	3.53	2.00	1.77	1.67	0.325	0.453	0.289	0.506	0.0147	1.19	2.15	0.210	0.350	0.930	0.593	3.83	14.0	16.2	10.3	12.5
M3X2.9	2.90	0.914	3.00	2.25	0.0900	0.130	0.500	8.65	23.6	1.50	1.12	1.00	1.28	0.248	0.344	0.221	0.521	0.00790	0.511	1.61	0.120	0.200	0.500	0.597	2.87	12.0	14.3	8.25	10.5
S24X121	121	35.5	24.5	8.05	0.800	1.09	2.00	3.69	25.9	3160	306	258	9.43	83.0	36.3	20.6	1.53	12.8	11400	47.1	103	46.2	153	1.94	23.4	68.6	76.6	57.1	65.1
S24X106	106	31.1	24.5	7.87	0.620	1.09	2.00	3.61	33.4	2940	279	240	9.71	76.8	33.4	19.5	1.57	10.1	10500	46.1	98.8	46.2	139	1.93	23.4	68.4	76.3	56.9	64.7
S24X100	100	29.3	24.0	7.25	0.745	0.870	1.75	4.16	27.8	2380	239	199	9.01	47.4	24.0	13.1	1.27	7.59	6350	41.9	66.0	32.7	119	1.66	23.1	65.5	72.8	55.3	62.5
S24X90	90.0	26.5	24.0	7.13	0.625	0.870	1.75	4.09	33.1	2250	222	187	9.21	44.7	22.4	12.5	1.30	6.05	5980	41.2	63.8	32.7	110	1.66	23.1	65.4	72.5	55.1	62.3
S24X80	80.0	23.5	24.0	7.00	0.500	0.870	1.75	4.02	41.4	2100	204	175	9.47	42.0	20.8	12.0	1.34	4.89	5620	40.5	61.6	32.7	101	1.67	23.1	65.2	72.2	55.0	62.0
S20X96	96.0	28.2	20.3	7.20	0.800	0.920	1.75	3.91	21.1	1670	198	165	7.71	49.9	24.9	13.9	1.33	8.40	4690	34.9	57.8	28.5	98.3	1.71	19.4	57.9	65.1	47.8	55.0
S20X86	86.0	25.3	20.3	7.06	0.660	0.920	1.75	3.84	25.6	1570	183	155	7.89	46.6	23.1	13.2	1.36	6.65	4370	34.2	55.5	28.5	91.1	1.71	19.4	57.8	64.9	47.7	54.7
S20X75	75.0	22.0	20.0	6.39	0.635	0.795	1.63	4.02	26.6	1280	152	128	7.62	29.5	16.7	9.25	1.16	4.59	2720	30.7	38.9	21.9	75.6	1.49	19.2	55.4	61.8	46.4	52.8
S20X66	66.0	19.4	20.0	6.26	0.505	0.795	1.63	3.93	33.5	1190	139	119	7.83	27.5	15.4	8.78	1.19	3.58	2530	30.0	37.3	21.9	69.1	1.49	19.2	55.3	61.5	46.3	52.5
S18X70	70.0	20.5	18.0	6.25	0.711	0.691	1.50	4.52	21.5	923	124	103	6.70	24.0	14.3	7.69	1.08	4.10	1800	27.0	29.2	16.6	61.9	1.42	17.3	50.9	57.2	42.3	48.5
S18X54.7	54.7	16.0	18.0	6.00	0.461	0.691	1.50	4.34	33.2	801	104	89.0	7.07	20.7	12.1	6.91	1.14	2.33	1550	26.0	26.9	16.6	51.8	1.42	17.3	50.7	56.7	42.0	48.0
S15X50	50.0	14.7	15.0	5.64	0.550	0.622	1.38	4.53	22.7	485	77.0	64.7	5.75	15.6	10.0	5.53	1.03	2.12	805	20.3	17.8	11.4	38.2	1.32	14.4	43.6	49.2	35.6	41.3
S15X42.9	42.9	12.6	15.0	5.50	0.411	0.622	1.38	4.42	30.4	446	69.2	59.4	5.95	14.3	9.08	5.19	1.06	1.54	737	19.8	16.9	11.4	34.3	1.31	14.4	43.4	48.9	35.5	41.0
S12X50	50.0	14.7	12.0	5.48	0.687	0.659	1.44	4.16	13.7	303	60.9	50.6	4.55	15.6	10.3	5.69	1.03	2.77	501	15.5	14.0	8.95	30.3	1.32	11.3	36.9	42.4	29.5	35.0
S12X40.8	40.8	11.9	12.0	5.25	0.462	0.659	1.44	3.98	20.6	270	52.7	45.1	4.76	13.5	8.86	5.13	1.06	1.69	433	14.9	12.9	8.95	26.2	1.30	11.3	36.6	41.9	29.3	34.5
S12X35	35.0	10.2	12.0	5.08	0.428	0.544	1.19	4.67	23.1	228	44.6	38.1	4.72	9.84	6.80	3.88	0.980	1.05	323	14.5	10.0	7.24	22.2	1.22	11.5	36.4	41.5	29.1	34.2
S12X31.8	31.8	9.31	12.0	5.00	0.350	0.544	1.19	4.60	28.3	217	41.8	36.2	4.83	9.33	6.44	3.73	1.00	0.878	306	14.3	9.74	7.24	20.8	1.21	11.5	36.3	41.3	29.0	34.0
S10X35	35.0	10.3	10.0	4.94	0.594	0.491	1.13	5.03	13.4	147	35.4	29.4	3.78	8.30	6.19	3.36	0.899	1.29	188	11.8	7.13	5.08	17.6	1.16	9.51	31.7	36.7	24.9	29.9
S10X25.4	25.4	7.45	10.0	4.66	0.311	0.491	1.13	4.75	25.6	123	28.3	24.6	4.07	6.73	4.99	2.89	0.950	0.603	152	11.1	6.34	5.08	14.0	1.14	9.51	31.5	36.1	24.7	29.3
S8X23	23.0	6.76	8.00	4.17	0.441	0.425	1.00	4.91	14.1	64.7	19.2	16.2	3.09	4.27	3.67	2.05	0.795	0.550	61.2	7.90	3.50	3.00	9.53	0.999	7.58	26.0	30.1	20.2	24.3
S8X18.4	18.4	5.40	8.00	4.00	0.271	0.425	1.00	4.71	22.9	57.5	16.5	14.4	3.26	3.69	3.18	1.84	0.827	0.335	52.9	7.58	3.22	3.00	8.17	0.985	7.58	25.8	29.8	20.0	24.0
S6X17.25	17.25	5.05	6.00	3.57	0.465	0.359	0.813	4.97	9.67	26.2	10.5	8.74	2.28	2.29	2.35	1.28	0.673	0.371	18.2	5.03	1.61	1.57	5.23	0.859	5.64	20.4	24.0	15.6	19.1
S6X12.5	12.5	3.66	6.00	3.33	0.232	0.359	0.813	4.64	19.4	22.0	8.45	7.34	2.45	1.80	1.86	1.08	0.702	0.167	14.3	4.70	1.41	1.57	4.18	0.831	5.64	20.2	23.5	15.3	18.7
S5X10	10.0	2.93	5.00	3.00	0.214	0.326	0.750	4.61	16.8	12.3	5.66	4.90	2.05	1.19	1.37	0.795	0.638	0.114	6.52	3.51	0.859	1.06	2.79	0.754	4.67	17.3	20.3	13.0	16.0
S4X9.5	9.50	2.79	4.00	2.80	0.326	0.293	0.750	4.77	8.33	6.76	4.04	3.38	1.56	0.887	1.13	0.635	0.564	0.120	3.05	2.59	0.531	0.671	1.99	0.698	3.71	14.5	17.3	10.8	13.6
S4X7.7	7.70	2.26	4.00	2.66	0.193	0.293	0.750	4.54	14.1	6.05	3.50	3.03	1.64	0.748	0.970	0.562	0.576	0.0732	2.57	2.47	0.481	0.671	1.73	0.676	3.71	14.4	17.1	10.7	13.3
S3X7.5	7.50	2.20	3.00	2.51	0.349	0.260	0.625	4.83	5.38	2.91	2.35	1.94	1.15	0.578	0.821	0.461	0.513	0.0896	1.08	1.72	0.280	0.385	1.16	0.638	2.74	11.8	14.3	8.51	11.0
S3X5.7	5.70	1.66	3.00	2.33	0.170	0.260	0.625	4.48	11.0	2.50	1.94	1.67	1.23	0.447	0.656	0.383	0.518	0.0433	0.838	1.60	0.242	0.385	0.961	0.605	2.74	11.6	14.0	8.33	10.7
HP18X204	204	60.2	18.3	18.1	1.13	1.13	2.31	8.01	12.1	3480	433	380	7.60	1120	191	124	4.31	29.5	82500	77.7	397	82.3	212	5.03	17.2	86.6	105	54.7	72.8
HP18X181	181	53.2	18.0	18.0	1.00	1.000	2.18	9.00	13.6	3020	379	336	7.53	974	167	108	4.28	20.7	70400	76.5	344	72.3	185	4.96	17.0	86.0	104	54.0	72.0
HP18X157	157	46.2	17.7	17.9	0.870	0.870	2.05	10.3	15.6	2570	327	290	7.46	833	143	93.1	4.25	13.9	59000	75.3	293	62.3	159	4.92	16.8	85.3	103	53.3	71.2
HP18X135	135	39.9	17.5	17.8	0.750	0.750	1.93	11.9	18.2	2200	281	251	7.43	706	122	79.3	4.21	9.12	49500	74.5	249	53.5	136	4.85	16.8	84.9	103	52.8	70.6
HP16X183	183	54.1	16.5	16.3	1.13	1.13	2.31	7.21	10.5	2510	349	304	6.81	818	156	100	3.89	26.9	48300	62.2	285	65.4	169	4.55	15.4	77.6	93.9	49.3	65.6
HP16X162	162	47.7	16.3	16.1	1.00	1.00	2.18	8.05	11.9	2190	306	269	6.78	697	134	86.6	3.82	18.8	40800	61.6	248	57.8	149	4.45	15.3	76.9	93.0	48.7	64.8
HP16X141	141	41.7	16.0	16.0	0.875	0.875	2.06	9.14	13.6	1870	264	234	6.70	599	116	74.9	3.79	12.9	34300	60.5	212	50.0	128	4.40	15.1	76.2	92.2	48.0	64.0
HP16X121	121	35.8	15.8	15.9	0.750	0.750	1.93	10.6	15.9	1590	226	201	6.66	504	97.6	63.4	3.75	8.35	28500	59.8	178	42.8	109	4.34	15.1	75.8	91.7	47.5	63.4
HP16X101	101	29.9	15.5	15.8	0.625	0.625	1.81	12.6	19.0	1300	187	168	6.59	412	80.1	52.2	3.71	5.07	22800	58.8	145	35.3	89.3	4.27	14.9	75.1	90.9	46.8	62.6
HP16X88	88.0	25.8	15.3	15.7	0.540	0.540	1.72	14.5	22.0	1110	161	145	6.56	349	68.2	44.5	3.68	3.45	19000	57.9	123	30.2	76.2	4.21	14.8	74.6	90.3	46.3	62.0
HP14X117	117	34.4	14.2	14.9	0.805	0.805	1.50	9.25	14.2	1220	194	172	5.96	443	91.4	59.5	3.59	8.02	19900	49.9	149	38.0	96.3	4.15	13.4	4.15	85.4	43.3	58.2
HP14X102	102	30.1	14.0	14.8	0.705	0.705	1.38	10.5	16.2	1050	169	150	5.92	380	78.8	51.4	3.56	5.39	16800	49.2	128	33.0	83.3	4.10	13.3	4.10	84.8	42.8	57.6
HP14X89	89.0	26.1	13.8	14.7	0.615	0.615	1.31	11.9	18.5	904	146	131	5.88	326	67.7	44.3	3.53	3.59	14200	48.5	110	28.6	71.9	4.05	13.2	4.05	84.1	42.3	57.0
HP14X73	73.0	21.4	13.6	14.6	0.505	0.505	1.19	14.4	22.6	729	118	107	5.84	261	54.6	35.8	3.49	2.01	11200	47.8	88.0	23.3	58.3	4.00	13.1	4.00	83.6	41.8	56.4
HP12X89	89.0	25.9	12.4	12.3	0.720	0.720	1.32	8.54	13.6	693	127	112	5.17	224	56.0	36.4	2.94	4.92	7640	35.9	79.5	24.3	62.5	3.42	11.7	59.2	71.5	37.1	49.4
HP12X84	84.0	24.6	12.3	12.3	0.685	0.685	1.38	8.97	14.2	650	120	106	5.14	213	53.2	34.6	2.94	4.24	7140	35.6	75.0	23.1	59.0	3.41	11.6	3.41	71.4	36.9	49.2
HP12X74	74.0	21.8	12.1	12.2	0.605	0.610	1.31	10.0	16.1	569	105	93.8	5.11	186	46.6	30.4	2.92	2.98	6160	35.2	65.5	20.4	51.9	3.38	11.5	3.38	70.8	36.4	48.6
HP12X63	63.0	18.4	11.9	12.1	0.515	0.515	1.25	11.8	18.9	472	88.3	79.1	5.06	153	38.7	25.3	2.88	1.83	5000	34.6	54.1	17.1	43.3	3.33	11.4	3.33	70.1	35.9	48.0
HP12X53	53.0	15.5	11.8	12.0	0.435	0.435	1.13	13.8	22.3	393	74.0	66.7	5.03	127	32.2	21.1	2.86	1.12	4080	34.2	44.7	14.3	36.2	3.29	11.4	3.29	69.7	35.6	47.6
HP10X57	57.0	16.7	9.99	10.2	0.565	0.565	1.25	9.03	13.9	294	66.5	58.8	4.18	101	30.3	19.7	2.45	1.97	2240	24.1	34.8	12.9	32.8	2.84	9.43	48.6	58.8	30.2	40.4
HP10X42	42.0	12.4	9.70	10.1	0.415	0.420	1.13	12.0	18.9	210	48.3	43.4	4.13	71.7	21.8	14.2	2.41	0.813	1540	23.4	24.7	9.41	23.7	2.77	9.28	48.0	58.1	29.5	39.6
HP8X36	36.0	10.6	8.02	8.16	0.445	0.445	1.13	9.16	14.2	119	33.6	29.8	3.36	40.3	15.2	9.88	1.95	0.770	578	15.4	14.0	6.50	16.6	2.26	7.58	38.9	47.1	24.2	32.4
